{"stats":{"minecraft:mined":{"minecraft:short_grass":1,"minecraft:oak_leaves":1},"minecraft:custom":{"minecraft:jump":137,"minecraft:time_since_rest":14763,"minecraft:damage_dealt":65,"minecraft:crouch_one_cm":141,"minecraft:leave_game":4,"minecraft:sprint_one_cm":15769,"minecraft:play_time":14763,"minecraft:damage_taken":175,"minecraft:time_since_death":14763,"minecraft:walk_one_cm":10765,"minecraft:sneak_time":27,"minecraft:climb_one_cm":141,"minecraft:total_world_time":14763,"minecraft:fall_one_cm":2566,"minecraft:fly_one_cm":45020}},"DataVersion":3953}