{"stats":{"minecraft:used":{"minecraft:cooked_mutton":3,"minecraft:wooden_axe":57,"minecraft:wooden_pickaxe":47,"minecraft:crafting_table":2,"minecraft:furnace":1},"minecraft:picked_up":{"minecraft:cocoa_beans":11,"minecraft:crafting_table":2,"minecraft:feather":4,"minecraft:cooked_beef":1,"minecraft:chicken":3,"minecraft:jungle_log":21,"minecraft:porkchop":7,"minecraft:oak_log":11,"minecraft:dirt":1,"minecraft:wheat_seeds":1,"minecraft:beef":3,"minecraft:gray_wool":1,"minecraft:melon_slice":40,"minecraft:mutton":6,"minecraft:white_wool":4,"minecraft:cobblestone":26,"minecraft:furnace":1},"minecraft:killed":{"minecraft:sheep":5,"minecraft:pig":3,"minecraft:chicken":3,"minecraft:cow":1},"minecraft:mined":{"minecraft:furnace":1,"minecraft:crafting_table":2,"minecraft:short_grass":22,"minecraft:grass_block":1,"minecraft:oak_log":11,"minecraft:melon":8,"minecraft:cocoa":3,"minecraft:vine":2,"minecraft:jungle_log":18,"minecraft:stone":26,"minecraft:fern":5},"minecraft:broken":{"minecraft:wooden_axe":1},"minecraft:crafted":{"minecraft:crafting_table":1,"minecraft:stick":4,"minecraft:wooden_pickaxe":1,"minecraft:wooden_axe":1,"minecraft:furnace":1,"minecraft:cooked_mutton":3,"minecraft:jungle_planks":48},"minecraft:custom":{"minecraft:time_since_rest":17936,"minecraft:interact_with_furnace":5,"minecraft:sprint_one_cm":62190,"minecraft:walk_one_cm":42627,"minecraft:mob_kills":12,"minecraft:damage_dealt":920,"minecraft:interact_with_crafting_table":2,"minecraft:swim_one_cm":2076,"minecraft:fly_one_cm":36785,"minecraft:play_time":17936,"minecraft:sneak_time":25,"minecraft:walk_under_water_one_cm":829,"minecraft:jump":214,"minecraft:walk_on_water_one_cm":1290,"minecraft:time_since_death":17936,"minecraft:climb_one_cm":607,"minecraft:total_world_time":17936,"minecraft:fall_one_cm":2479}},"DataVersion":3953}