{"stats":{"minecraft:used":{"minecraft:cooked_mutton":3,"minecraft:stone_pickaxe":34,"minecraft:wooden_pickaxe":48,"minecraft:sandstone":10,"minecraft:crafting_table":4,"minecraft:white_bed":2,"minecraft:wooden_axe":57,"minecraft:bread":3,"minecraft:iron_pickaxe":1,"minecraft:cobblestone":11,"minecraft:furnace":1},"minecraft:killed":{"minecraft:pig":3,"minecraft:sheep":5,"minecraft:chicken":3,"minecraft:cow":1},"minecraft:picked_up":{"minecraft:cocoa_beans":11,"minecraft:crafting_table":3,"minecraft:feather":4,"minecraft:cooked_beef":1,"minecraft:chicken":3,"minecraft:jungle_log":21,"minecraft:cut_sandstone":9,"minecraft:gold_block":1,"minecraft:oak_log":11,"minecraft:dirt":1,"minecraft:bone":9,"minecraft:wheat_seeds":1,"minecraft:rabbit_hide":1,"minecraft:beef":3,"minecraft:rabbit":1,"minecraft:melon_slice":40,"minecraft:chest":1,"minecraft:furnace":1,"minecraft:sandstone":13,"minecraft:porkchop":7,"minecraft:sand":9,"minecraft:white_bed":2,"minecraft:chiseled_sandstone":1,"minecraft:spider_eye":1,"minecraft:tnt":9,"minecraft:rotten_flesh":6,"minecraft:hay_block":42,"minecraft:gray_wool":1,"minecraft:gold_ingot":2,"minecraft:mutton":6,"minecraft:white_wool":4,"minecraft:cobblestone":27},"minecraft:broken":{"minecraft:wooden_axe":1},"minecraft:mined":{"minecraft:cut_sandstone":9,"minecraft:white_bed":2,"minecraft:crafting_table":3,"minecraft:short_grass":22,"minecraft:grass_block":1,"minecraft:melon":8,"minecraft:chest":1,"minecraft:jungle_log":18,"minecraft:sandstone":13,"minecraft:hay_block":42,"minecraft:furnace":1,"minecraft:chiseled_sandstone":1,"minecraft:tnt":9,"minecraft:gold_block":1,"minecraft:oak_log":11,"minecraft:vine":2,"minecraft:cocoa":3,"minecraft:sand":1,"minecraft:stone":27,"minecraft:fern":5},"minecraft:crafted":{"minecraft:crafting_table":1,"minecraft:wooden_pickaxe":1,"minecraft:furnace":1,"minecraft:cooked_mutton":3,"minecraft:jungle_planks":60,"minecraft:stick":20,"minecraft:iron_pickaxe":1,"minecraft:stone_pickaxe":1,"minecraft:wooden_axe":1,"minecraft:stone_sword":1,"minecraft:white_bed":1},"minecraft:custom":{"minecraft:interact_with_furnace":5,"minecraft:mob_kills":12,"minecraft:interact_with_crafting_table":5,"minecraft:open_barrel":7,"minecraft:time_since_death":41936,"minecraft:sleep_in_bed":2,"minecraft:climb_one_cm":607,"minecraft:time_since_rest":9263,"minecraft:sprint_one_cm":155106,"minecraft:damage_taken":108,"minecraft:walk_one_cm":97325,"minecraft:damage_dealt":920,"minecraft:swim_one_cm":2076,"minecraft:fly_one_cm":115691,"minecraft:open_chest":8,"minecraft:play_time":41936,"minecraft:sneak_time":25,"minecraft:walk_under_water_one_cm":1489,"minecraft:jump":567,"minecraft:walk_on_water_one_cm":5310,"minecraft:total_world_time":41936,"minecraft:fall_one_cm":9650}},"DataVersion":3953}