{"stats":{"minecraft:picked_up":{"minecraft:jungle_log":7},"minecraft:mined":{"minecraft:short_grass":2,"minecraft:vine":1,"minecraft:jungle_log":8,"minecraft:fern":1},"minecraft:custom":{"minecraft:jump":34,"minecraft:time_since_rest":5936,"minecraft:sprint_one_cm":10922,"minecraft:play_time":5936,"minecraft:walk_on_water_one_cm":1200,"minecraft:time_since_death":5936,"minecraft:walk_one_cm":5359,"minecraft:sneak_time":25,"minecraft:climb_one_cm":139,"minecraft:total_world_time":5936,"minecraft:walk_under_water_one_cm":829,"minecraft:swim_one_cm":2076,"minecraft:fall_one_cm":418,"minecraft:fly_one_cm":6097}},"DataVersion":3953}