{"stats":{"minecraft:used":{"minecraft:cooked_mutton":3,"minecraft:water_bucket":1,"minecraft:stone_sword":102,"minecraft:stone_shovel":121,"minecraft:stone_pickaxe":132,"minecraft:chest":3,"minecraft:wooden_pickaxe":48,"minecraft:iron_sword":51,"minecraft:sandstone":10,"minecraft:torch":94,"minecraft:crafting_table":6,"minecraft:jungle_planks":4,"minecraft:white_bed":5,"minecraft:wooden_axe":57,"minecraft:bread":30,"minecraft:iron_pickaxe":55,"minecraft:cobblestone":24,"minecraft:furnace":2,"minecraft:bucket":3,"minecraft:cooked_beef":1,"minecraft:cobbled_deepslate":1},"minecraft:killed":{"minecraft:pig":3,"minecraft:zombie_villager":2,"minecraft:creeper":1,"minecraft:sheep":5,"minecraft:skeleton":7,"minecraft:zombie":8,"minecraft:chicken":3,"minecraft:cow":10},"minecraft:picked_up":{"minecraft:mud":72,"minecraft:cocoa_beans":11,"minecraft:crafting_table":3,"minecraft:feather":4,"minecraft:cooked_beef":1,"minecraft:chicken":3,"minecraft:andesite":1,"minecraft:jungle_log":21,"minecraft:leather":6,"minecraft:cut_sandstone":9,"minecraft:gold_block":1,"minecraft:oak_log":11,"minecraft:lapis_lazuli":23,"minecraft:dirt":3,"minecraft:raw_copper":10,"minecraft:bone":12,"minecraft:bow":2,"minecraft:wheat_seeds":1,"minecraft:cobbled_deepslate":20,"minecraft:rabbit_hide":1,"minecraft:beef":22,"minecraft:bamboo":38,"minecraft:rabbit":1,"minecraft:melon_slice":40,"minecraft:chest":2,"minecraft:furnace":1,"minecraft:raw_iron":31,"minecraft:sandstone":13,"minecraft:torch":6,"minecraft:jungle_planks":4,"minecraft:sand":9,"minecraft:porkchop":7,"minecraft:white_bed":4,"minecraft:redstone":35,"minecraft:chiseled_sandstone":1,"minecraft:spider_eye":1,"minecraft:tnt":9,"minecraft:arrow":3,"minecraft:rotten_flesh":12,"minecraft:diamond":11,"minecraft:hay_block":84,"minecraft:gray_wool":1,"minecraft:mangrove_roots":3,"minecraft:gold_ingot":2,"minecraft:rooted_dirt":68,"minecraft:mangrove_propagule":1,"minecraft:mutton":6,"minecraft:coal":42,"minecraft:white_wool":4,"minecraft:cobblestone":52},"minecraft:broken":{"minecraft:stone_sword":1,"minecraft:wooden_axe":1},"minecraft:mined":{"minecraft:deepslate_redstone_ore":8,"minecraft:cut_sandstone":9,"minecraft:white_bed":4,"minecraft:deepslate_diamond_ore":11,"minecraft:mangrove_roots":2,"minecraft:crafting_table":3,"minecraft:torch":3,"minecraft:short_grass":30,"minecraft:grass_block":2,"minecraft:melon":8,"minecraft:jungle_planks":4,"minecraft:chest":2,"minecraft:jungle_log":18,"minecraft:tall_grass":5,"minecraft:copper_ore":2,"minecraft:rooted_dirt":59,"minecraft:mangrove_propagule":1,"minecraft:sandstone":13,"minecraft:wall_torch":2,"minecraft:deepslate_copper_ore":1,"minecraft:hay_block":84,"minecraft:furnace":1,"minecraft:mud":70,"minecraft:iron_ore":9,"minecraft:chiseled_sandstone":1,"minecraft:deepslate_lapis_ore":3,"minecraft:andesite":1,"minecraft:tnt":9,"minecraft:mangrove_leaves":4,"minecraft:gold_block":1,"minecraft:oak_log":11,"minecraft:coal_ore":42,"minecraft:deepslate_iron_ore":21,"minecraft:vine":4,"minecraft:cocoa":3,"minecraft:sand":1,"minecraft:dirt":1,"minecraft:terracotta":4,"minecraft:bamboo":3,"minecraft:stone":52,"minecraft:deepslate":16,"minecraft:fern":5},"minecraft:dropped":{"minecraft:mangrove_roots":3,"minecraft:sandstone":3,"minecraft:mud":4},"minecraft:killed_by":{"minecraft:skeleton":1},"minecraft:crafted":{"minecraft:oak_planks":44,"minecraft:stone_shovel":1,"minecraft:crafting_table":3,"minecraft:wooden_pickaxe":1,"minecraft:iron_sword":1,"minecraft:furnace":1,"minecraft:bucket":2,"minecraft:bread":60,"minecraft:cooked_mutton":3,"minecraft:jungle_planks":60,"minecraft:bow":1,"minecraft:shield":1,"minecraft:iron_axe":1,"minecraft:iron_ingot":23,"minecraft:stick":60,"minecraft:iron_pickaxe":1,"minecraft:stone_pickaxe":1,"minecraft:wooden_axe":1,"minecraft:stone_sword":1,"minecraft:iron_shovel":1,"minecraft:chest":1,"minecraft:white_bed":1,"minecraft:torch":96,"minecraft:wheat":180},"minecraft:custom":{"minecraft:interact_with_furnace":10,"minecraft:mob_kills":41,"minecraft:interact_with_crafting_table":16,"minecraft:open_barrel":7,"minecraft:leave_game":2,"minecraft:time_since_death":47613,"minecraft:sleep_in_bed":5,"minecraft:climb_one_cm":2289,"minecraft:time_since_rest":12961,"minecraft:sprint_one_cm":389403,"minecraft:damage_taken":1519,"minecraft:walk_one_cm":310775,"minecraft:drop":5,"minecraft:damage_dealt":5790,"minecraft:talked_to_villager":3,"minecraft:swim_one_cm":2076,"minecraft:fly_one_cm":250628,"minecraft:open_chest":22,"minecraft:deaths":1,"minecraft:crouch_one_cm":760,"minecraft:play_time":131032,"minecraft:sneak_time":237,"minecraft:walk_under_water_one_cm":5037,"minecraft:jump":1595,"minecraft:walk_on_water_one_cm":21597,"minecraft:total_world_time":131032,"minecraft:fall_one_cm":34230}},"DataVersion":3953}