{"stats":{"minecraft:used":{"minecraft:cooked_mutton":3,"minecraft:stone_sword":102,"minecraft:stone_shovel":121,"minecraft:stone_pickaxe":123,"minecraft:chest":1,"minecraft:wooden_pickaxe":48,"minecraft:sandstone":10,"minecraft:torch":32,"minecraft:crafting_table":6,"minecraft:jungle_planks":4,"minecraft:white_bed":4,"minecraft:wooden_axe":57,"minecraft:bread":16,"minecraft:iron_pickaxe":35,"minecraft:cobblestone":24,"minecraft:furnace":2,"minecraft:bucket":2,"minecraft:cooked_beef":1},"minecraft:killed":{"minecraft:pig":3,"minecraft:zombie_villager":1,"minecraft:creeper":1,"minecraft:sheep":5,"minecraft:skeleton":3,"minecraft:zombie":7,"minecraft:chicken":3,"minecraft:cow":3},"minecraft:picked_up":{"minecraft:mud":72,"minecraft:cocoa_beans":11,"minecraft:crafting_table":3,"minecraft:feather":4,"minecraft:cooked_beef":1,"minecraft:chicken":3,"minecraft:andesite":1,"minecraft:jungle_log":21,"minecraft:leather":1,"minecraft:cut_sandstone":9,"minecraft:gold_block":1,"minecraft:oak_log":11,"minecraft:dirt":3,"minecraft:raw_copper":10,"minecraft:bone":9,"minecraft:wheat_seeds":1,"minecraft:cobbled_deepslate":7,"minecraft:rabbit_hide":1,"minecraft:beef":6,"minecraft:bamboo":38,"minecraft:rabbit":1,"minecraft:melon_slice":40,"minecraft:chest":1,"minecraft:furnace":1,"minecraft:raw_iron":24,"minecraft:sandstone":13,"minecraft:torch":4,"minecraft:jungle_planks":4,"minecraft:sand":9,"minecraft:porkchop":7,"minecraft:white_bed":3,"minecraft:redstone":35,"minecraft:chiseled_sandstone":1,"minecraft:spider_eye":1,"minecraft:tnt":9,"minecraft:arrow":1,"minecraft:rotten_flesh":10,"minecraft:diamond":1,"minecraft:hay_block":84,"minecraft:gray_wool":1,"minecraft:mangrove_roots":3,"minecraft:gold_ingot":2,"minecraft:rooted_dirt":68,"minecraft:mangrove_propagule":1,"minecraft:mutton":6,"minecraft:coal":42,"minecraft:white_wool":4,"minecraft:cobblestone":52},"minecraft:broken":{"minecraft:stone_sword":1,"minecraft:wooden_axe":1},"minecraft:mined":{"minecraft:deepslate_redstone_ore":8,"minecraft:cut_sandstone":9,"minecraft:white_bed":3,"minecraft:deepslate_diamond_ore":1,"minecraft:mangrove_roots":2,"minecraft:crafting_table":3,"minecraft:torch":2,"minecraft:short_grass":25,"minecraft:grass_block":2,"minecraft:melon":8,"minecraft:jungle_planks":4,"minecraft:chest":1,"minecraft:jungle_log":18,"minecraft:copper_ore":2,"minecraft:rooted_dirt":59,"minecraft:mangrove_propagule":1,"minecraft:sandstone":13,"minecraft:wall_torch":1,"minecraft:deepslate_copper_ore":1,"minecraft:hay_block":84,"minecraft:furnace":1,"minecraft:mud":70,"minecraft:iron_ore":9,"minecraft:chiseled_sandstone":1,"minecraft:andesite":1,"minecraft:tnt":9,"minecraft:mangrove_leaves":4,"minecraft:gold_block":1,"minecraft:oak_log":11,"minecraft:coal_ore":42,"minecraft:deepslate_iron_ore":15,"minecraft:vine":4,"minecraft:cocoa":3,"minecraft:sand":1,"minecraft:dirt":1,"minecraft:terracotta":4,"minecraft:bamboo":3,"minecraft:stone":52,"minecraft:deepslate":6,"minecraft:fern":5},"minecraft:dropped":{"minecraft:mangrove_roots":3,"minecraft:sandstone":3,"minecraft:mud":4},"minecraft:killed_by":{"minecraft:skeleton":1},"minecraft:crafted":{"minecraft:stone_shovel":1,"minecraft:crafting_table":3,"minecraft:wooden_pickaxe":1,"minecraft:iron_sword":1,"minecraft:furnace":1,"minecraft:bucket":2,"minecraft:bread":24,"minecraft:cooked_mutton":3,"minecraft:jungle_planks":60,"minecraft:iron_ingot":11,"minecraft:stick":36,"minecraft:iron_pickaxe":1,"minecraft:stone_pickaxe":1,"minecraft:wooden_axe":1,"minecraft:stone_sword":1,"minecraft:white_bed":1,"minecraft:torch":52,"minecraft:wheat":72},"minecraft:custom":{"minecraft:interact_with_furnace":8,"minecraft:mob_kills":28,"minecraft:interact_with_crafting_table":8,"minecraft:open_barrel":7,"minecraft:leave_game":1,"minecraft:time_since_death":9423,"minecraft:sleep_in_bed":4,"minecraft:climb_one_cm":1623,"minecraft:time_since_rest":9453,"minecraft:sprint_one_cm":298228,"minecraft:damage_taken":1043,"minecraft:walk_one_cm":223280,"minecraft:drop":5,"minecraft:damage_dealt":3512,"minecraft:talked_to_villager":3,"minecraft:swim_one_cm":2076,"minecraft:fly_one_cm":201737,"minecraft:open_chest":11,"minecraft:deaths":1,"minecraft:crouch_one_cm":760,"minecraft:play_time":92842,"minecraft:sneak_time":237,"minecraft:walk_under_water_one_cm":3704,"minecraft:jump":1162,"minecraft:walk_on_water_one_cm":14655,"minecraft:total_world_time":92842,"minecraft:fall_one_cm":24533}},"DataVersion":3953}