{"stats":{"minecraft:used":{"minecraft:cooked_mutton":3,"minecraft:stone_sword":77,"minecraft:stone_shovel":71,"minecraft:stone_pickaxe":86,"minecraft:chest":1,"minecraft:wooden_pickaxe":48,"minecraft:sandstone":10,"minecraft:torch":21,"minecraft:crafting_table":6,"minecraft:jungle_planks":4,"minecraft:white_bed":4,"minecraft:wooden_axe":57,"minecraft:bread":14,"minecraft:iron_pickaxe":24,"minecraft:cobblestone":24,"minecraft:furnace":2,"minecraft:cooked_beef":1},"minecraft:killed":{"minecraft:pig":3,"minecraft:zombie_villager":1,"minecraft:creeper":1,"minecraft:sheep":5,"minecraft:skeleton":2,"minecraft:zombie":6,"minecraft:chicken":3,"minecraft:cow":3},"minecraft:picked_up":{"minecraft:mud":72,"minecraft:cocoa_beans":11,"minecraft:crafting_table":3,"minecraft:feather":4,"minecraft:cooked_beef":1,"minecraft:chicken":3,"minecraft:jungle_log":21,"minecraft:leather":1,"minecraft:cut_sandstone":9,"minecraft:gold_block":1,"minecraft:oak_log":11,"minecraft:dirt":1,"minecraft:bone":9,"minecraft:wheat_seeds":1,"minecraft:rabbit_hide":1,"minecraft:beef":6,"minecraft:rabbit":1,"minecraft:melon_slice":40,"minecraft:chest":1,"minecraft:furnace":1,"minecraft:raw_iron":19,"minecraft:sandstone":13,"minecraft:torch":4,"minecraft:jungle_planks":4,"minecraft:sand":9,"minecraft:porkchop":7,"minecraft:white_bed":3,"minecraft:chiseled_sandstone":1,"minecraft:spider_eye":1,"minecraft:tnt":9,"minecraft:rotten_flesh":10,"minecraft:hay_block":63,"minecraft:gray_wool":1,"minecraft:mangrove_roots":3,"minecraft:gold_ingot":2,"minecraft:mangrove_propagule":1,"minecraft:mutton":6,"minecraft:coal":30,"minecraft:white_wool":4,"minecraft:cobblestone":39},"minecraft:broken":{"minecraft:wooden_axe":1},"minecraft:mined":{"minecraft:cut_sandstone":9,"minecraft:white_bed":3,"minecraft:mangrove_roots":2,"minecraft:crafting_table":3,"minecraft:torch":2,"minecraft:short_grass":22,"minecraft:grass_block":1,"minecraft:melon":8,"minecraft:jungle_planks":4,"minecraft:chest":1,"minecraft:jungle_log":18,"minecraft:mangrove_propagule":1,"minecraft:sandstone":13,"minecraft:wall_torch":1,"minecraft:hay_block":63,"minecraft:furnace":1,"minecraft:mud":70,"minecraft:iron_ore":7,"minecraft:chiseled_sandstone":1,"minecraft:tnt":9,"minecraft:mangrove_leaves":4,"minecraft:gold_block":1,"minecraft:oak_log":11,"minecraft:coal_ore":31,"minecraft:deepslate_iron_ore":12,"minecraft:vine":4,"minecraft:cocoa":3,"minecraft:sand":1,"minecraft:terracotta":4,"minecraft:stone":39,"minecraft:fern":5},"minecraft:dropped":{"minecraft:sandstone":3,"minecraft:mud":4},"minecraft:crafted":{"minecraft:stone_shovel":1,"minecraft:crafting_table":3,"minecraft:wooden_pickaxe":1,"minecraft:furnace":1,"minecraft:bread":24,"minecraft:cooked_mutton":3,"minecraft:jungle_planks":60,"minecraft:stick":36,"minecraft:iron_pickaxe":1,"minecraft:stone_pickaxe":1,"minecraft:wooden_axe":1,"minecraft:stone_sword":1,"minecraft:white_bed":1,"minecraft:torch":52,"minecraft:wheat":72},"minecraft:custom":{"minecraft:interact_with_furnace":5,"minecraft:mob_kills":26,"minecraft:interact_with_crafting_table":7,"minecraft:open_barrel":7,"minecraft:leave_game":1,"minecraft:time_since_death":80842,"minecraft:sleep_in_bed":4,"minecraft:climb_one_cm":1623,"minecraft:time_since_rest":23854,"minecraft:sprint_one_cm":259801,"minecraft:damage_taken":699,"minecraft:walk_one_cm":198491,"minecraft:drop":2,"minecraft:damage_dealt":3114,"minecraft:talked_to_villager":3,"minecraft:swim_one_cm":2076,"minecraft:fly_one_cm":178101,"minecraft:open_chest":10,"minecraft:crouch_one_cm":760,"minecraft:play_time":80842,"minecraft:sneak_time":237,"minecraft:walk_under_water_one_cm":3704,"minecraft:jump":1017,"minecraft:walk_on_water_one_cm":13510,"minecraft:total_world_time":80842,"minecraft:fall_one_cm":22486}},"DataVersion":3953}