{"stats":{"minecraft:dropped":{"minecraft:rail":1,"minecraft:chain":1,"minecraft:mud":4,"minecraft:mangrove_roots":3,"minecraft:stone_shovel":1,"minecraft:rabbit_hide":6,"minecraft:sandstone":3,"minecraft:stone_pickaxe":1},"minecraft:killed":{"minecraft:witch":1,"minecraft:skeleton":7,"minecraft:chicken":3,"minecraft:piglin":1,"minecraft:pig":3,"minecraft:zombie_villager":2,"minecraft:creeper":2,"minecraft:sheep":5,"minecraft:zombie":9,"minecraft:cow":10},"minecraft:killed_by":{"minecraft:skeleton":1},"minecraft:broken":{"minecraft:stone_sword":1,"minecraft:iron_pickaxe":1,"minecraft:wooden_axe":1},"minecraft:crafted":{"minecraft:oak_planks":48,"minecraft:stone_shovel":1,"minecraft:furnace":1,"minecraft:cooked_mutton":3,"minecraft:flint_and_steel":1,"minecraft:iron_boots":1,"minecraft:bow":1,"minecraft:iron_axe":1,"minecraft:stone_pickaxe":1,"minecraft:chest":1,"minecraft:wheat":180,"minecraft:diamond_sword":1,"minecraft:crafting_table":4,"minecraft:wooden_pickaxe":1,"minecraft:iron_helmet":1,"minecraft:iron_sword":1,"minecraft:bucket":2,"minecraft:bread":60,"minecraft:jungle_planks":60,"minecraft:iron_chestplate":1,"minecraft:diamond_pickaxe":1,"minecraft:shield":1,"minecraft:stick":60,"minecraft:iron_ingot":40,"minecraft:iron_pickaxe":2,"minecraft:wooden_axe":1,"minecraft:stone_sword":1,"minecraft:iron_shovel":1,"minecraft:iron_leggings":1,"minecraft:white_bed":1,"minecraft:torch":136},"minecraft:picked_up":{"minecraft:cocoa_beans":11,"minecraft:mud":72,"minecraft:crafting_table":3,"minecraft:chicken":3,"minecraft:gold_block":1,"minecraft:chain":1,"minecraft:raw_copper":48,"minecraft:cobbled_deepslate":50,"minecraft:beef":22,"minecraft:melon_slice":40,"minecraft:chest":3,"minecraft:furnace":1,"minecraft:raw_iron":78,"minecraft:sandstone":13,"minecraft:torch":9,"minecraft:porkchop":7,"minecraft:redstone":41,"minecraft:tnt":9,"minecraft:arrow":3,"minecraft:rotten_flesh":12,"minecraft:hay_block":84,"minecraft:mangrove_roots":3,"minecraft:gold_ingot":2,"minecraft:obsidian":3,"minecraft:mutton":6,"minecraft:cobblestone":82,"minecraft:white_wool":4,"minecraft:rail":1,"minecraft:feather":4,"minecraft:cooked_beef":1,"minecraft:andesite":13,"minecraft:jungle_log":24,"minecraft:cut_sandstone":9,"minecraft:leather":6,"minecraft:tuff":5,"minecraft:oak_log":12,"minecraft:lapis_lazuli":23,"minecraft:dirt":3,"minecraft:bone":12,"minecraft:bow":2,"minecraft:wheat_seeds":1,"minecraft:rabbit_hide":1,"minecraft:rabbit":1,"minecraft:bamboo":38,"minecraft:oak_planks":4,"minecraft:stone_brick_slab":6,"minecraft:quartz":122,"minecraft:sand":9,"minecraft:jungle_planks":4,"minecraft:white_bed":4,"minecraft:chiseled_sandstone":1,"minecraft:spider_eye":3,"minecraft:diamond":17,"minecraft:granite":1,"minecraft:gray_wool":1,"minecraft:rooted_dirt":68,"minecraft:netherrack":30,"minecraft:coal":141,"minecraft:mangrove_propagule":1},"minecraft:custom":{"minecraft:mob_kills":45,"minecraft:interact_with_crafting_table":23,"minecraft:open_barrel":7,"minecraft:leave_game":4,"minecraft:time_since_death":110076,"minecraft:climb_one_cm":2811,"minecraft:sprint_one_cm":513783,"minecraft:walk_one_cm":448732,"minecraft:drop":10,"minecraft:talked_to_villager":3,"minecraft:play_time":193495,"minecraft:deaths":1,"minecraft:sneak_time":689,"minecraft:walk_under_water_one_cm":8144,"minecraft:jump":2283,"minecraft:walk_on_water_one_cm":29178,"minecraft:total_world_time":193495,"minecraft:interact_with_furnace":14,"minecraft:sleep_in_bed":6,"minecraft:time_since_rest":57810,"minecraft:damage_taken":2389,"minecraft:damage_dealt":6647,"minecraft:swim_one_cm":2076,"minecraft:fly_one_cm":325443,"minecraft:open_chest":34,"minecraft:crouch_one_cm":2563,"minecraft:fall_one_cm":50884},"minecraft:mined":{"minecraft:diamond_ore":5,"minecraft:tuff":5,"minecraft:white_bed":4,"minecraft:deepslate_diamond_ore":11,"minecraft:mangrove_roots":2,"minecraft:obsidian":3,"minecraft:granite":1,"minecraft:grass_block":2,"minecraft:jungle_planks":4,"minecraft:jungle_log":21,"minecraft:sandstone":13,"minecraft:mangrove_propagule":1,"minecraft:rooted_dirt":59,"minecraft:hay_block":84,"minecraft:furnace":1,"minecraft:iron_ore":49,"minecraft:fire":6,"minecraft:chiseled_sandstone":1,"minecraft:andesite":11,"minecraft:deepslate_lapis_ore":3,"minecraft:gold_block":1,"minecraft:vine":4,"minecraft:deepslate_iron_ore":21,"minecraft:bamboo":3,"minecraft:stone":80,"minecraft:deepslate_redstone_ore":8,"minecraft:cut_sandstone":9,"minecraft:stone_brick_slab":6,"minecraft:crafting_table":3,"minecraft:torch":6,"minecraft:short_grass":30,"minecraft:melon":8,"minecraft:chest":3,"minecraft:nether_quartz_ore":109,"minecraft:tall_grass":5,"minecraft:copper_ore":14,"minecraft:oak_planks":4,"minecraft:wall_torch":2,"minecraft:deepslate_copper_ore":1,"minecraft:chain":1,"minecraft:mud":70,"minecraft:tnt":9,"minecraft:mangrove_leaves":4,"minecraft:oak_log":12,"minecraft:coal_ore":125,"minecraft:cocoa":3,"minecraft:sand":1,"minecraft:dirt":1,"minecraft:terracotta":4,"minecraft:netherrack":28,"minecraft:oak_leaves":3,"minecraft:deepslate":43,"minecraft:fern":5},"minecraft:used":{"minecraft:stone_sword":102,"minecraft:flint_and_steel":7,"minecraft:stone_shovel":121,"minecraft:chest":3,"minecraft:iron_sword":65,"minecraft:netherrack":29,"minecraft:torch":121,"minecraft:jungle_planks":4,"minecraft:obsidian":5,"minecraft:wooden_axe":57,"minecraft:iron_axe":7,"minecraft:furnace":2,"minecraft:cooked_beef":1,"minecraft:cobbled_deepslate":50,"minecraft:cooked_mutton":3,"minecraft:water_bucket":3,"minecraft:stone_pickaxe":132,"minecraft:oak_planks":6,"minecraft:wooden_pickaxe":48,"minecraft:sandstone":10,"minecraft:crafting_table":7,"minecraft:white_bed":5,"minecraft:diamond_pickaxe":3,"minecraft:bread":43,"minecraft:iron_pickaxe":411,"minecraft:diamond_sword":3,"minecraft:cobblestone":24,"minecraft:bucket":5}},"DataVersion":3953}