{"stats":{"minecraft:used":{"minecraft:cooked_mutton":3,"minecraft:stone_sword":38,"minecraft:stone_pickaxe":38,"minecraft:wooden_pickaxe":48,"minecraft:sandstone":10,"minecraft:torch":1,"minecraft:crafting_table":4,"minecraft:white_bed":3,"minecraft:wooden_axe":57,"minecraft:bread":6,"minecraft:iron_pickaxe":24,"minecraft:cobblestone":15,"minecraft:furnace":1,"minecraft:cooked_beef":1},"minecraft:killed":{"minecraft:pig":3,"minecraft:sheep":5,"minecraft:zombie":3,"minecraft:chicken":3,"minecraft:cow":3},"minecraft:picked_up":{"minecraft:cocoa_beans":11,"minecraft:crafting_table":3,"minecraft:feather":4,"minecraft:cooked_beef":1,"minecraft:chicken":3,"minecraft:jungle_log":21,"minecraft:leather":1,"minecraft:cut_sandstone":9,"minecraft:gold_block":1,"minecraft:oak_log":11,"minecraft:dirt":1,"minecraft:bone":9,"minecraft:wheat_seeds":1,"minecraft:rabbit_hide":1,"minecraft:beef":6,"minecraft:rabbit":1,"minecraft:melon_slice":40,"minecraft:chest":1,"minecraft:furnace":1,"minecraft:sandstone":13,"minecraft:sand":9,"minecraft:porkchop":7,"minecraft:white_bed":3,"minecraft:chiseled_sandstone":1,"minecraft:spider_eye":1,"minecraft:tnt":9,"minecraft:rotten_flesh":6,"minecraft:hay_block":63,"minecraft:gray_wool":1,"minecraft:gold_ingot":2,"minecraft:mutton":6,"minecraft:coal":21,"minecraft:white_wool":4,"minecraft:cobblestone":29},"minecraft:broken":{"minecraft:wooden_axe":1},"minecraft:mined":{"minecraft:cut_sandstone":9,"minecraft:white_bed":3,"minecraft:crafting_table":3,"minecraft:short_grass":22,"minecraft:grass_block":1,"minecraft:melon":8,"minecraft:chest":1,"minecraft:jungle_log":18,"minecraft:sandstone":13,"minecraft:hay_block":63,"minecraft:furnace":1,"minecraft:chiseled_sandstone":1,"minecraft:tnt":9,"minecraft:gold_block":1,"minecraft:oak_log":11,"minecraft:coal_ore":21,"minecraft:vine":2,"minecraft:cocoa":3,"minecraft:sand":1,"minecraft:terracotta":4,"minecraft:stone":29,"minecraft:fern":5},"minecraft:dropped":{"minecraft:sandstone":3},"minecraft:crafted":{"minecraft:crafting_table":1,"minecraft:wooden_pickaxe":1,"minecraft:furnace":1,"minecraft:cooked_mutton":3,"minecraft:jungle_planks":60,"minecraft:stick":20,"minecraft:iron_pickaxe":1,"minecraft:stone_pickaxe":1,"minecraft:wooden_axe":1,"minecraft:stone_sword":1,"minecraft:white_bed":1,"minecraft:torch":16},"minecraft:custom":{"minecraft:interact_with_furnace":5,"minecraft:mob_kills":17,"minecraft:interact_with_crafting_table":5,"minecraft:open_barrel":7,"minecraft:leave_game":1,"minecraft:time_since_death":56842,"minecraft:sleep_in_bed":3,"minecraft:climb_one_cm":607,"minecraft:time_since_rest":11244,"minecraft:sprint_one_cm":208525,"minecraft:damage_taken":263,"minecraft:walk_one_cm":133221,"minecraft:drop":1,"minecraft:damage_dealt":1617,"minecraft:swim_one_cm":2076,"minecraft:fly_one_cm":153898,"minecraft:open_chest":8,"minecraft:play_time":56842,"minecraft:sneak_time":25,"minecraft:walk_under_water_one_cm":1489,"minecraft:jump":784,"minecraft:walk_on_water_one_cm":7243,"minecraft:total_world_time":56842,"minecraft:fall_one_cm":15034}},"DataVersion":3953}