{"stats":{"minecraft:used":{"minecraft:cooked_mutton":3,"minecraft:wooden_axe":57,"minecraft:bread":3,"minecraft:stone_pickaxe":34,"minecraft:wooden_pickaxe":48,"minecraft:cobblestone":2,"minecraft:crafting_table":3,"minecraft:furnace":1,"minecraft:white_bed":1},"minecraft:killed":{"minecraft:sheep":5,"minecraft:pig":3,"minecraft:chicken":3,"minecraft:cow":1},"minecraft:picked_up":{"minecraft:sandstone":13,"minecraft:cocoa_beans":11,"minecraft:crafting_table":3,"minecraft:feather":4,"minecraft:cooked_beef":1,"minecraft:chicken":3,"minecraft:jungle_log":21,"minecraft:cut_sandstone":9,"minecraft:porkchop":7,"minecraft:sand":9,"minecraft:oak_log":11,"minecraft:white_bed":1,"minecraft:spider_eye":1,"minecraft:chiseled_sandstone":1,"minecraft:dirt":1,"minecraft:rotten_flesh":6,"minecraft:tnt":9,"minecraft:bone":9,"minecraft:wheat_seeds":1,"minecraft:rabbit_hide":1,"minecraft:hay_block":42,"minecraft:beef":3,"minecraft:gray_wool":1,"minecraft:rabbit":1,"minecraft:melon_slice":40,"minecraft:mutton":6,"minecraft:white_wool":4,"minecraft:cobblestone":27,"minecraft:furnace":1},"minecraft:broken":{"minecraft:wooden_axe":1},"minecraft:mined":{"minecraft:hay_block":42,"minecraft:white_bed":1,"minecraft:furnace":1,"minecraft:chiseled_sandstone":1,"minecraft:tnt":9,"minecraft:crafting_table":3,"minecraft:short_grass":22,"minecraft:chest":1,"minecraft:grass_block":1,"minecraft:oak_log":11,"minecraft:melon":8,"minecraft:cocoa":3,"minecraft:vine":2,"minecraft:jungle_log":18,"minecraft:sand":1,"minecraft:stone":27,"minecraft:cut_sandstone":9,"minecraft:sandstone":13,"minecraft:fern":5},"minecraft:crafted":{"minecraft:crafting_table":1,"minecraft:stick":20,"minecraft:wooden_pickaxe":1,"minecraft:stone_pickaxe":1,"minecraft:wooden_axe":1,"minecraft:stone_sword":1,"minecraft:white_bed":1,"minecraft:furnace":1,"minecraft:cooked_mutton":3,"minecraft:jungle_planks":48},"minecraft:custom":{"minecraft:time_since_rest":10891,"minecraft:damage_taken":30,"minecraft:interact_with_furnace":5,"minecraft:sprint_one_cm":144019,"minecraft:walk_one_cm":76856,"minecraft:mob_kills":12,"minecraft:damage_dealt":920,"minecraft:interact_with_crafting_table":4,"minecraft:swim_one_cm":2076,"minecraft:fly_one_cm":109650,"minecraft:open_barrel":7,"minecraft:open_chest":3,"minecraft:play_time":29936,"minecraft:sneak_time":25,"minecraft:walk_under_water_one_cm":1489,"minecraft:jump":480,"minecraft:walk_on_water_one_cm":5310,"minecraft:time_since_death":29936,"minecraft:sleep_in_bed":1,"minecraft:climb_one_cm":607,"minecraft:total_world_time":29936,"minecraft:fall_one_cm":7613}},"DataVersion":3953}