{"stats":{"minecraft:used":{"minecraft:cooked_mutton":3,"minecraft:stone_sword":38,"minecraft:stone_shovel":71,"minecraft:stone_pickaxe":52,"minecraft:chest":1,"minecraft:wooden_pickaxe":48,"minecraft:sandstone":10,"minecraft:torch":1,"minecraft:crafting_table":6,"minecraft:white_bed":4,"minecraft:wooden_axe":57,"minecraft:bread":8,"minecraft:iron_pickaxe":24,"minecraft:cobblestone":15,"minecraft:furnace":2,"minecraft:cooked_beef":1},"minecraft:killed":{"minecraft:pig":3,"minecraft:sheep":5,"minecraft:zombie":3,"minecraft:chicken":3,"minecraft:cow":3},"minecraft:picked_up":{"minecraft:mud":72,"minecraft:cocoa_beans":11,"minecraft:crafting_table":3,"minecraft:feather":4,"minecraft:cooked_beef":1,"minecraft:chicken":3,"minecraft:jungle_log":21,"minecraft:leather":1,"minecraft:cut_sandstone":9,"minecraft:gold_block":1,"minecraft:oak_log":11,"minecraft:dirt":1,"minecraft:bone":9,"minecraft:wheat_seeds":1,"minecraft:rabbit_hide":1,"minecraft:beef":6,"minecraft:rabbit":1,"minecraft:melon_slice":40,"minecraft:chest":1,"minecraft:furnace":1,"minecraft:sandstone":13,"minecraft:sand":9,"minecraft:porkchop":7,"minecraft:white_bed":3,"minecraft:chiseled_sandstone":1,"minecraft:spider_eye":1,"minecraft:tnt":9,"minecraft:rotten_flesh":6,"minecraft:hay_block":63,"minecraft:gray_wool":1,"minecraft:gold_ingot":2,"minecraft:mangrove_propagule":1,"minecraft:mutton":6,"minecraft:coal":27,"minecraft:white_wool":4,"minecraft:cobblestone":36},"minecraft:broken":{"minecraft:wooden_axe":1},"minecraft:mined":{"minecraft:cut_sandstone":9,"minecraft:white_bed":3,"minecraft:crafting_table":3,"minecraft:short_grass":22,"minecraft:grass_block":1,"minecraft:melon":8,"minecraft:chest":1,"minecraft:jungle_log":18,"minecraft:mangrove_propagule":1,"minecraft:sandstone":13,"minecraft:hay_block":63,"minecraft:furnace":1,"minecraft:mud":70,"minecraft:chiseled_sandstone":1,"minecraft:tnt":9,"minecraft:gold_block":1,"minecraft:oak_log":11,"minecraft:coal_ore":28,"minecraft:vine":2,"minecraft:cocoa":3,"minecraft:sand":1,"minecraft:terracotta":4,"minecraft:stone":36,"minecraft:fern":5},"minecraft:dropped":{"minecraft:sandstone":3,"minecraft:mud":4},"minecraft:crafted":{"minecraft:stone_shovel":1,"minecraft:crafting_table":3,"minecraft:wooden_pickaxe":1,"minecraft:furnace":1,"minecraft:bread":24,"minecraft:cooked_mutton":3,"minecraft:jungle_planks":60,"minecraft:stick":20,"minecraft:iron_pickaxe":1,"minecraft:stone_pickaxe":1,"minecraft:wooden_axe":1,"minecraft:stone_sword":1,"minecraft:white_bed":1,"minecraft:torch":16,"minecraft:wheat":72},"minecraft:custom":{"minecraft:interact_with_furnace":5,"minecraft:mob_kills":17,"minecraft:interact_with_crafting_table":7,"minecraft:open_barrel":7,"minecraft:leave_game":1,"minecraft:time_since_death":68842,"minecraft:sleep_in_bed":4,"minecraft:climb_one_cm":1281,"minecraft:time_since_rest":11854,"minecraft:sprint_one_cm":256047,"minecraft:damage_taken":302,"minecraft:walk_one_cm":157584,"minecraft:drop":2,"minecraft:damage_dealt":1617,"minecraft:talked_to_villager":3,"minecraft:swim_one_cm":2076,"minecraft:fly_one_cm":175102,"minecraft:open_chest":10,"minecraft:play_time":68842,"minecraft:sneak_time":25,"minecraft:walk_under_water_one_cm":3272,"minecraft:jump":935,"minecraft:walk_on_water_one_cm":11008,"minecraft:total_world_time":68842,"minecraft:fall_one_cm":17519}},"DataVersion":3953}